placeholders:
  REGISTRY:
    default: GitHub Container Registry
    description: Container Registry
    values:
      GitHub Container Registry: ghcr.io/daemonless
      Docker Hub: docker.io/daemonless
  CONTAINER_CONFIG_ROOT:
    default: /path/to/containers
    description: Container Configuration Root Path
  DOWNLOADS_PATH:
    default: /path/to/downloads
    description: Global /downloads Path
  MOVIES_PATH:
    default: /path/to/movies
    description: Global /movies Path
  TV_PATH:
    default: /path/to/tv
    description: Global /tv Path
  MUSIC_PATH:
    default: /path/to/music
    description: Global /music Path
  BOOKS_PATH:
    default: /path/to/books
    description: Global /books Path
  MEDIA_PATH:
    default: /path/to/media
    description: Global /media Path
  DATA_PATH:
    default: /path/to/data
    description: Global /data Path
  TZ:
    default: UTC
    description: Timezone
    values:
      Africa/Abidjan: Africa/Abidjan
      Africa/Accra: Africa/Accra
      Africa/Addis_Ababa: Africa/Addis_Ababa
      Africa/Algiers: Africa/Algiers
      Africa/Asmara: Africa/Asmara
      Africa/Bamako: Africa/Bamako
      Africa/Bangui: Africa/Bangui
      Africa/Banjul: Africa/Banjul
      Africa/Bissau: Africa/Bissau
      Africa/Blantyre: Africa/Blantyre
      Africa/Brazzaville: Africa/Brazzaville
      Africa/Bujumbura: Africa/Bujumbura
      Africa/Cairo: Africa/Cairo
      Africa/Casablanca: Africa/Casablanca
      Africa/Ceuta: Africa/Ceuta
      Africa/Conakry: Africa/Conakry
      Africa/Dakar: Africa/Dakar
      Africa/Dar_es_Salaam: Africa/Dar_es_Salaam
      Africa/Djibouti: Africa/Djibouti
      Africa/Douala: Africa/Douala
      Africa/El_Aaiun: Africa/El_Aaiun
      Africa/Freetown: Africa/Freetown
      Africa/Gaborone: Africa/Gaborone
      Africa/Harare: Africa/Harare
      Africa/Johannesburg: Africa/Johannesburg
      Africa/Juba: Africa/Juba
      Africa/Kampala: Africa/Kampala
      Africa/Khartoum: Africa/Khartoum
      Africa/Kigali: Africa/Kigali
      Africa/Kinshasa: Africa/Kinshasa
      Africa/Lagos: Africa/Lagos
      Africa/Libreville: Africa/Libreville
      Africa/Lome: Africa/Lome
      Africa/Luanda: Africa/Luanda
      Africa/Lubumbashi: Africa/Lubumbashi
      Africa/Lusaka: Africa/Lusaka
      Africa/Malabo: Africa/Malabo
      Africa/Maputo: Africa/Maputo
      Africa/Maseru: Africa/Maseru
      Africa/Mbabane: Africa/Mbabane
      Africa/Mogadishu: Africa/Mogadishu
      Africa/Monrovia: Africa/Monrovia
      Africa/Nairobi: Africa/Nairobi
      Africa/Ndjamena: Africa/Ndjamena
      Africa/Niamey: Africa/Niamey
      Africa/Nouakchott: Africa/Nouakchott
      Africa/Ouagadougou: Africa/Ouagadougou
      Africa/Porto-Novo: Africa/Porto-Novo
      Africa/Sao_Tome: Africa/Sao_Tome
      Africa/Tripoli: Africa/Tripoli
      Africa/Tunis: Africa/Tunis
      Africa/Windhoek: Africa/Windhoek
      America/Adak: America/Adak
      America/Anchorage: America/Anchorage
      America/Anguilla: America/Anguilla
      America/Antigua: America/Antigua
      America/Araguaina: America/Araguaina
      America/Argentina/Buenos_Aires: America/Argentina/Buenos_Aires
      America/Argentina/Catamarca: America/Argentina/Catamarca
      America/Argentina/Cordoba: America/Argentina/Cordoba
      America/Argentina/Jujuy: America/Argentina/Jujuy
      America/Argentina/La_Rioja: America/Argentina/La_Rioja
      America/Argentina/Mendoza: America/Argentina/Mendoza
      America/Argentina/Rio_Gallegos: America/Argentina/Rio_Gallegos
      America/Argentina/Salta: America/Argentina/Salta
      America/Argentina/San_Juan: America/Argentina/San_Juan
      America/Argentina/San_Luis: America/Argentina/San_Luis
      America/Argentina/Tucuman: America/Argentina/Tucuman
      America/Argentina/Ushuaia: America/Argentina/Ushuaia
      America/Aruba: America/Aruba
      America/Asuncion: America/Asuncion
      America/Atikokan: America/Atikokan
      America/Bahia: America/Bahia
      America/Bahia_Banderas: America/Bahia_Banderas
      America/Barbados: America/Barbados
      America/Belem: America/Belem
      America/Belize: America/Belize
      America/Blanc-Sablon: America/Blanc-Sablon
      America/Boa_Vista: America/Boa_Vista
      America/Bogota: America/Bogota
      America/Boise: America/Boise
      America/Cambridge_Bay: America/Cambridge_Bay
      America/Campo_Grande: America/Campo_Grande
      America/Cancun: America/Cancun
      America/Caracas: America/Caracas
      America/Cayenne: America/Cayenne
      America/Cayman: America/Cayman
      America/Chicago: America/Chicago
      America/Chihuahua: America/Chihuahua
      America/Ciudad_Juarez: America/Ciudad_Juarez
      America/Costa_Rica: America/Costa_Rica
      America/Coyhaique: America/Coyhaique
      America/Creston: America/Creston
      America/Cuiaba: America/Cuiaba
      America/Curacao: America/Curacao
      America/Danmarkshavn: America/Danmarkshavn
      America/Dawson: America/Dawson
      America/Dawson_Creek: America/Dawson_Creek
      America/Denver: America/Denver
      America/Detroit: America/Detroit
      America/Dominica: America/Dominica
      America/Edmonton: America/Edmonton
      America/Eirunepe: America/Eirunepe
      America/El_Salvador: America/El_Salvador
      America/Fort_Nelson: America/Fort_Nelson
      America/Fortaleza: America/Fortaleza
      America/Glace_Bay: America/Glace_Bay
      America/Goose_Bay: America/Goose_Bay
      America/Grand_Turk: America/Grand_Turk
      America/Grenada: America/Grenada
      America/Guadeloupe: America/Guadeloupe
      America/Guatemala: America/Guatemala
      America/Guayaquil: America/Guayaquil
      America/Guyana: America/Guyana
      America/Halifax: America/Halifax
      America/Havana: America/Havana
      America/Hermosillo: America/Hermosillo
      America/Indiana/Indianapolis: America/Indiana/Indianapolis
      America/Indiana/Knox: America/Indiana/Knox
      America/Indiana/Marengo: America/Indiana/Marengo
      America/Indiana/Petersburg: America/Indiana/Petersburg
      America/Indiana/Tell_City: America/Indiana/Tell_City
      America/Indiana/Vevay: America/Indiana/Vevay
      America/Indiana/Vincennes: America/Indiana/Vincennes
      America/Indiana/Winamac: America/Indiana/Winamac
      America/Inuvik: America/Inuvik
      America/Iqaluit: America/Iqaluit
      America/Jamaica: America/Jamaica
      America/Juneau: America/Juneau
      America/Kentucky/Louisville: America/Kentucky/Louisville
      America/Kentucky/Monticello: America/Kentucky/Monticello
      America/Kralendijk: America/Kralendijk
      America/La_Paz: America/La_Paz
      America/Lima: America/Lima
      America/Los_Angeles: America/Los_Angeles
      America/Lower_Princes: America/Lower_Princes
      America/Maceio: America/Maceio
      America/Managua: America/Managua
      America/Manaus: America/Manaus
      America/Marigot: America/Marigot
      America/Martinique: America/Martinique
      America/Matamoros: America/Matamoros
      America/Mazatlan: America/Mazatlan
      America/Menominee: America/Menominee
      America/Merida: America/Merida
      America/Metlakatla: America/Metlakatla
      America/Mexico_City: America/Mexico_City
      America/Miquelon: America/Miquelon
      America/Moncton: America/Moncton
      America/Monterrey: America/Monterrey
      America/Montevideo: America/Montevideo
      America/Montserrat: America/Montserrat
      America/Nassau: America/Nassau
      America/New_York: America/New_York
      America/Nome: America/Nome
      America/Noronha: America/Noronha
      America/North_Dakota/Beulah: America/North_Dakota/Beulah
      America/North_Dakota/Center: America/North_Dakota/Center
      America/North_Dakota/New_Salem: America/North_Dakota/New_Salem
      America/Nuuk: America/Nuuk
      America/Ojinaga: America/Ojinaga
      America/Panama: America/Panama
      America/Paramaribo: America/Paramaribo
      America/Phoenix: America/Phoenix
      America/Port-au-Prince: America/Port-au-Prince
      America/Port_of_Spain: America/Port_of_Spain
      America/Porto_Velho: America/Porto_Velho
      America/Puerto_Rico: America/Puerto_Rico
      America/Punta_Arenas: America/Punta_Arenas
      America/Rankin_Inlet: America/Rankin_Inlet
      America/Recife: America/Recife
      America/Regina: America/Regina
      America/Resolute: America/Resolute
      America/Rio_Branco: America/Rio_Branco
      America/Santarem: America/Santarem
      America/Santiago: America/Santiago
      America/Santo_Domingo: America/Santo_Domingo
      America/Sao_Paulo: America/Sao_Paulo
      America/Scoresbysund: America/Scoresbysund
      America/Sitka: America/Sitka
      America/St_Barthelemy: America/St_Barthelemy
      America/St_Johns: America/St_Johns
      America/St_Kitts: America/St_Kitts
      America/St_Lucia: America/St_Lucia
      America/St_Thomas: America/St_Thomas
      America/St_Vincent: America/St_Vincent
      America/Swift_Current: America/Swift_Current
      America/Tegucigalpa: America/Tegucigalpa
      America/Thule: America/Thule
      America/Tijuana: America/Tijuana
      America/Toronto: America/Toronto
      America/Tortola: America/Tortola
      America/Vancouver: America/Vancouver
      America/Whitehorse: America/Whitehorse
      America/Winnipeg: America/Winnipeg
      America/Yakutat: America/Yakutat
      Antarctica/Casey: Antarctica/Casey
      Antarctica/Davis: Antarctica/Davis
      Antarctica/DumontDUrville: Antarctica/DumontDUrville
      Antarctica/Macquarie: Antarctica/Macquarie
      Antarctica/Mawson: Antarctica/Mawson
      Antarctica/McMurdo: Antarctica/McMurdo
      Antarctica/Palmer: Antarctica/Palmer
      Antarctica/Rothera: Antarctica/Rothera
      Antarctica/Syowa: Antarctica/Syowa
      Antarctica/Troll: Antarctica/Troll
      Antarctica/Vostok: Antarctica/Vostok
      Arctic/Longyearbyen: Arctic/Longyearbyen
      Asia/Aden: Asia/Aden
      Asia/Almaty: Asia/Almaty
      Asia/Amman: Asia/Amman
      Asia/Anadyr: Asia/Anadyr
      Asia/Aqtau: Asia/Aqtau
      Asia/Aqtobe: Asia/Aqtobe
      Asia/Ashgabat: Asia/Ashgabat
      Asia/Atyrau: Asia/Atyrau
      Asia/Baghdad: Asia/Baghdad
      Asia/Bahrain: Asia/Bahrain
      Asia/Baku: Asia/Baku
      Asia/Bangkok: Asia/Bangkok
      Asia/Barnaul: Asia/Barnaul
      Asia/Beirut: Asia/Beirut
      Asia/Bishkek: Asia/Bishkek
      Asia/Brunei: Asia/Brunei
      Asia/Chita: Asia/Chita
      Asia/Colombo: Asia/Colombo
      Asia/Damascus: Asia/Damascus
      Asia/Dhaka: Asia/Dhaka
      Asia/Dili: Asia/Dili
      Asia/Dubai: Asia/Dubai
      Asia/Dushanbe: Asia/Dushanbe
      Asia/Famagusta: Asia/Famagusta
      Asia/Gaza: Asia/Gaza
      Asia/Hebron: Asia/Hebron
      Asia/Ho_Chi_Minh: Asia/Ho_Chi_Minh
      Asia/Hong_Kong: Asia/Hong_Kong
      Asia/Hovd: Asia/Hovd
      Asia/Irkutsk: Asia/Irkutsk
      Asia/Jakarta: Asia/Jakarta
      Asia/Jayapura: Asia/Jayapura
      Asia/Jerusalem: Asia/Jerusalem
      Asia/Kabul: Asia/Kabul
      Asia/Kamchatka: Asia/Kamchatka
      Asia/Karachi: Asia/Karachi
      Asia/Kathmandu: Asia/Kathmandu
      Asia/Khandyga: Asia/Khandyga
      Asia/Kolkata: Asia/Kolkata
      Asia/Krasnoyarsk: Asia/Krasnoyarsk
      Asia/Kuala_Lumpur: Asia/Kuala_Lumpur
      Asia/Kuching: Asia/Kuching
      Asia/Kuwait: Asia/Kuwait
      Asia/Macau: Asia/Macau
      Asia/Magadan: Asia/Magadan
      Asia/Makassar: Asia/Makassar
      Asia/Manila: Asia/Manila
      Asia/Muscat: Asia/Muscat
      Asia/Nicosia: Asia/Nicosia
      Asia/Novokuznetsk: Asia/Novokuznetsk
      Asia/Novosibirsk: Asia/Novosibirsk
      Asia/Omsk: Asia/Omsk
      Asia/Oral: Asia/Oral
      Asia/Phnom_Penh: Asia/Phnom_Penh
      Asia/Pontianak: Asia/Pontianak
      Asia/Pyongyang: Asia/Pyongyang
      Asia/Qatar: Asia/Qatar
      Asia/Qostanay: Asia/Qostanay
      Asia/Qyzylorda: Asia/Qyzylorda
      Asia/Riyadh: Asia/Riyadh
      Asia/Sakhalin: Asia/Sakhalin
      Asia/Samarkand: Asia/Samarkand
      Asia/Seoul: Asia/Seoul
      Asia/Shanghai: Asia/Shanghai
      Asia/Singapore: Asia/Singapore
      Asia/Srednekolymsk: Asia/Srednekolymsk
      Asia/Taipei: Asia/Taipei
      Asia/Tashkent: Asia/Tashkent
      Asia/Tbilisi: Asia/Tbilisi
      Asia/Tehran: Asia/Tehran
      Asia/Thimphu: Asia/Thimphu
      Asia/Tokyo: Asia/Tokyo
      Asia/Tomsk: Asia/Tomsk
      Asia/Ulaanbaatar: Asia/Ulaanbaatar
      Asia/Urumqi: Asia/Urumqi
      Asia/Ust-Nera: Asia/Ust-Nera
      Asia/Vientiane: Asia/Vientiane
      Asia/Vladivostok: Asia/Vladivostok
      Asia/Yakutsk: Asia/Yakutsk
      Asia/Yangon: Asia/Yangon
      Asia/Yekaterinburg: Asia/Yekaterinburg
      Asia/Yerevan: Asia/Yerevan
      Atlantic/Azores: Atlantic/Azores
      Atlantic/Bermuda: Atlantic/Bermuda
      Atlantic/Canary: Atlantic/Canary
      Atlantic/Cape_Verde: Atlantic/Cape_Verde
      Atlantic/Faroe: Atlantic/Faroe
      Atlantic/Madeira: Atlantic/Madeira
      Atlantic/Reykjavik: Atlantic/Reykjavik
      Atlantic/South_Georgia: Atlantic/South_Georgia
      Atlantic/St_Helena: Atlantic/St_Helena
      Atlantic/Stanley: Atlantic/Stanley
      Australia/Adelaide: Australia/Adelaide
      Australia/Brisbane: Australia/Brisbane
      Australia/Broken_Hill: Australia/Broken_Hill
      Australia/Darwin: Australia/Darwin
      Australia/Eucla: Australia/Eucla
      Australia/Hobart: Australia/Hobart
      Australia/Lindeman: Australia/Lindeman
      Australia/Lord_Howe: Australia/Lord_Howe
      Australia/Melbourne: Australia/Melbourne
      Australia/Perth: Australia/Perth
      Australia/Sydney: Australia/Sydney
      Canada/Atlantic: Canada/Atlantic
      Canada/Central: Canada/Central
      Canada/Eastern: Canada/Eastern
      Canada/Mountain: Canada/Mountain
      Canada/Newfoundland: Canada/Newfoundland
      Canada/Pacific: Canada/Pacific
      Europe/Amsterdam: Europe/Amsterdam
      Europe/Andorra: Europe/Andorra
      Europe/Astrakhan: Europe/Astrakhan
      Europe/Athens: Europe/Athens
      Europe/Belgrade: Europe/Belgrade
      Europe/Berlin: Europe/Berlin
      Europe/Bratislava: Europe/Bratislava
      Europe/Brussels: Europe/Brussels
      Europe/Bucharest: Europe/Bucharest
      Europe/Budapest: Europe/Budapest
      Europe/Busingen: Europe/Busingen
      Europe/Chisinau: Europe/Chisinau
      Europe/Copenhagen: Europe/Copenhagen
      Europe/Dublin: Europe/Dublin
      Europe/Gibraltar: Europe/Gibraltar
      Europe/Guernsey: Europe/Guernsey
      Europe/Helsinki: Europe/Helsinki
      Europe/Isle_of_Man: Europe/Isle_of_Man
      Europe/Istanbul: Europe/Istanbul
      Europe/Jersey: Europe/Jersey
      Europe/Kaliningrad: Europe/Kaliningrad
      Europe/Kirov: Europe/Kirov
      Europe/Kyiv: Europe/Kyiv
      Europe/Lisbon: Europe/Lisbon
      Europe/Ljubljana: Europe/Ljubljana
      Europe/London: Europe/London
      Europe/Luxembourg: Europe/Luxembourg
      Europe/Madrid: Europe/Madrid
      Europe/Malta: Europe/Malta
      Europe/Mariehamn: Europe/Mariehamn
      Europe/Minsk: Europe/Minsk
      Europe/Monaco: Europe/Monaco
      Europe/Moscow: Europe/Moscow
      Europe/Oslo: Europe/Oslo
      Europe/Paris: Europe/Paris
      Europe/Podgorica: Europe/Podgorica
      Europe/Prague: Europe/Prague
      Europe/Riga: Europe/Riga
      Europe/Rome: Europe/Rome
      Europe/Samara: Europe/Samara
      Europe/San_Marino: Europe/San_Marino
      Europe/Sarajevo: Europe/Sarajevo
      Europe/Saratov: Europe/Saratov
      Europe/Simferopol: Europe/Simferopol
      Europe/Skopje: Europe/Skopje
      Europe/Sofia: Europe/Sofia
      Europe/Stockholm: Europe/Stockholm
      Europe/Tallinn: Europe/Tallinn
      Europe/Tirane: Europe/Tirane
      Europe/Ulyanovsk: Europe/Ulyanovsk
      Europe/Vaduz: Europe/Vaduz
      Europe/Vatican: Europe/Vatican
      Europe/Vienna: Europe/Vienna
      Europe/Vilnius: Europe/Vilnius
      Europe/Volgograd: Europe/Volgograd
      Europe/Warsaw: Europe/Warsaw
      Europe/Zagreb: Europe/Zagreb
      Europe/Zurich: Europe/Zurich
      GMT: GMT
      Indian/Antananarivo: Indian/Antananarivo
      Indian/Chagos: Indian/Chagos
      Indian/Christmas: Indian/Christmas
      Indian/Cocos: Indian/Cocos
      Indian/Comoro: Indian/Comoro
      Indian/Kerguelen: Indian/Kerguelen
      Indian/Mahe: Indian/Mahe
      Indian/Maldives: Indian/Maldives
      Indian/Mauritius: Indian/Mauritius
      Indian/Mayotte: Indian/Mayotte
      Indian/Reunion: Indian/Reunion
      Pacific/Apia: Pacific/Apia
      Pacific/Auckland: Pacific/Auckland
      Pacific/Bougainville: Pacific/Bougainville
      Pacific/Chatham: Pacific/Chatham
      Pacific/Chuuk: Pacific/Chuuk
      Pacific/Easter: Pacific/Easter
      Pacific/Efate: Pacific/Efate
      Pacific/Fakaofo: Pacific/Fakaofo
      Pacific/Fiji: Pacific/Fiji
      Pacific/Funafuti: Pacific/Funafuti
      Pacific/Galapagos: Pacific/Galapagos
      Pacific/Gambier: Pacific/Gambier
      Pacific/Guadalcanal: Pacific/Guadalcanal
      Pacific/Guam: Pacific/Guam
      Pacific/Honolulu: Pacific/Honolulu
      Pacific/Kanton: Pacific/Kanton
      Pacific/Kiritimati: Pacific/Kiritimati
      Pacific/Kosrae: Pacific/Kosrae
      Pacific/Kwajalein: Pacific/Kwajalein
      Pacific/Majuro: Pacific/Majuro
      Pacific/Marquesas: Pacific/Marquesas
      Pacific/Midway: Pacific/Midway
      Pacific/Nauru: Pacific/Nauru
      Pacific/Niue: Pacific/Niue
      Pacific/Norfolk: Pacific/Norfolk
      Pacific/Noumea: Pacific/Noumea
      Pacific/Pago_Pago: Pacific/Pago_Pago
      Pacific/Palau: Pacific/Palau
      Pacific/Pitcairn: Pacific/Pitcairn
      Pacific/Pohnpei: Pacific/Pohnpei
      Pacific/Port_Moresby: Pacific/Port_Moresby
      Pacific/Rarotonga: Pacific/Rarotonga
      Pacific/Saipan: Pacific/Saipan
      Pacific/Tahiti: Pacific/Tahiti
      Pacific/Tarawa: Pacific/Tarawa
      Pacific/Tongatapu: Pacific/Tongatapu
      Pacific/Wake: Pacific/Wake
      Pacific/Wallis: Pacific/Wallis
      US/Alaska: US/Alaska
      US/Arizona: US/Arizona
      US/Central: US/Central
      US/Eastern: US/Eastern
      US/Hawaii: US/Hawaii
      US/Mountain: US/Mountain
      US/Pacific: US/Pacific
      UTC: UTC
  PUID:
    default: '1000'
    description: User ID
    validators:
    - port_number
  PGID:
    default: '1000'
    description: Group ID
    validators:
    - port_number
  RADARR_PORT:
    default: '7878'
    description: Radarr Host Port
    validators:
    - port_number
  RADARR_CONFIG_PATH:
    default: radarr
    description: Radarr /config Path
  IMMICH_PORT:
    default: '2283'
    description: Immich Stack Host Port
    validators:
    - port_number
  IMMICH_CONFIG_PATH:
    default: immich
    description: Immich Stack /config Path
  LIDARR_PORT:
    default: '8686'
    description: Lidarr Host Port
    validators:
    - port_number
  LIDARR_CONFIG_PATH:
    default: lidarr
    description: Lidarr /config Path
  SABNZBD_PORT:
    default: '8080'
    description: SABnzbd Host Port
    validators:
    - port_number
  SABNZBD_CONFIG_PATH:
    default: sabnzbd
    description: SABnzbd /config Path
  ADGUARDHOME_PORT:
    default: '53'
    description: AdGuard Home Host Port
    validators:
    - port_number
  ADGUARDHOME_OPT_ADGUARDHOME_CONF_PATH:
    default: adguardhome/opt/adguardhome/conf
    description: AdGuard Home /opt/adguardhome/conf Path
  ADGUARDHOME_OPT_ADGUARDHOME_WORK_PATH:
    default: adguardhome/opt/adguardhome/work
    description: AdGuard Home /opt/adguardhome/work Path
  TRANSMISSION_WIREGUARD_PORT:
    default: '9091'
    description: Transmission with WireGuard Host Port
    validators:
    - port_number
  TRANSMISSION_WIREGUARD_CONFIG_PATH:
    default: transmission-wireguard
    description: Transmission with WireGuard /config Path
  TRANSMISSION_WIREGUARD_WATCH_PATH:
    default: transmission-wireguard/watch
    description: Transmission with WireGuard /watch Path
  NEXTCLOUD_PORT:
    default: '8082'
    description: Nextcloud Host Port
    validators:
    - port_number
  NEXTCLOUD_CONFIG_PATH:
    default: nextcloud
    description: Nextcloud /config Path
  TRANSMISSION_PORT:
    default: '9091'
    description: Transmission Host Port
    validators:
    - port_number
  TRANSMISSION_CONFIG_PATH:
    default: transmission
    description: Transmission /config Path
  TRANSMISSION_WATCH_PATH:
    default: transmission/watch
    description: Transmission /watch Path
  SONARR_PORT:
    default: '8989'
    description: Sonarr Host Port
    validators:
    - port_number
  SONARR_CONFIG_PATH:
    default: sonarr
    description: Sonarr /config Path
  TAILSCALE_CONFIG_PATH:
    default: tailscale
    description: Tailscale /config Path
  TRAEFIK_PORT:
    default: '80'
    description: Traefik Host Port
    validators:
    - port_number
  TRAEFIK_CONFIG_PATH:
    default: traefik
    description: Traefik /config Path
  OPENSPEEDTEST_PORT:
    default: '3005'
    description: OpenSpeedTest Host Port
    validators:
    - port_number
  POSTGRES_PORT:
    default: '5432'
    description: PostgreSQL Host Port
    validators:
    - port_number
  POSTGRES_VAR_LIB_POSTGRESQL_DATA_PATH:
    default: postgres/var/lib/postgresql/data
    description: PostgreSQL /var/lib/postgresql/data Path
  WOODPECKER_PORT:
    default: '8000'
    description: Woodpecker CI Host Port
    validators:
    - port_number
  WOODPECKER_CONFIG_PATH:
    default: woodpecker
    description: Woodpecker CI /config Path
  IMMICH_ML_PORT:
    default: '3003'
    description: Immich Machine Learning Host Port
    validators:
    - port_number
  IMMICH_ML_CACHE_PATH:
    default: immich-ml/cache
    description: Immich Machine Learning /cache Path
  IMMICH_ML_CONFIG_PATH:
    default: immich-ml
    description: Immich Machine Learning /config Path
  GITEA_PORT:
    default: '3000'
    description: Gitea Host Port
    validators:
    - port_number
  GITEA_CONFIG_PATH:
    default: gitea
    description: Gitea /config Path
  REDIS_PORT:
    default: '6379'
    description: Redis Host Port
    validators:
    - port_number
  REDIS_CONFIG_PATH:
    default: redis
    description: Redis /config Path
  UPTIME_KUMA_PORT:
    default: '3001'
    description: Uptime Kuma Host Port
    validators:
    - port_number
  UPTIME_KUMA_CONFIG_PATH:
    default: uptime-kuma
    description: Uptime Kuma /config Path
  MEALIE_PORT:
    default: '9000'
    description: Mealie Host Port
    validators:
    - port_number
  MEALIE_CONFIG_PATH:
    default: mealie
    description: Mealie /config Path
  ADGUARDHOME_SYNC_PORT:
    default: '8080'
    description: AdGuardHome Sync Host Port
    validators:
    - port_number
  ADGUARDHOME_SYNC_CONFIG_PATH:
    default: adguardhome-sync
    description: AdGuardHome Sync /config Path
  PROWLARR_PORT:
    default: '9696'
    description: Prowlarr Host Port
    validators:
    - port_number
  PROWLARR_CONFIG_PATH:
    default: prowlarr
    description: Prowlarr /config Path
  UNIFI_PORT:
    default: '8443'
    description: UniFi Network Host Port
    validators:
    - port_number
  UNIFI_CONFIG_PATH:
    default: unifi
    description: UniFi Network /config Path
  ORGANIZR_PORT:
    default: '8083'
    description: Organizr Host Port
    validators:
    - port_number
  ORGANIZR_CONFIG_PATH:
    default: organizr
    description: Organizr /config Path
  TAUTULLI_PORT:
    default: '8181'
    description: Tautulli Host Port
    validators:
    - port_number
  TAUTULLI_CONFIG_PATH:
    default: tautulli
    description: Tautulli /config Path
  JELLYFIN_PORT:
    default: '8096'
    description: Jellyfin Host Port
    validators:
    - port_number
  JELLYFIN_CONFIG_PATH:
    default: jellyfin
    description: Jellyfin /config Path
  JELLYFIN_CACHE_PATH:
    default: jellyfin/cache
    description: Jellyfin /cache Path
  HOMEPAGE_PORT:
    default: '3000'
    description: Homepage Host Port
    validators:
    - port_number
  HOMEPAGE_CONFIG_PATH:
    default: homepage
    description: Homepage /config Path
  OVERSEERR_PORT:
    default: '5055'
    description: Overseerr Host Port
    validators:
    - port_number
  OVERSEERR_CONFIG_PATH:
    default: overseerr
    description: Overseerr /config Path
  PLEX_PORT:
    default: '32400'
    description: Plex Media Server Host Port
    validators:
    - port_number
  PLEX_CONFIG_PATH:
    default: plex
    description: Plex Media Server /config Path
  PLEX_TRANSCODE_PATH:
    default: plex/transcode
    description: Plex Media Server /transcode Path
  IMMICH_POSTGRES_PORT:
    default: '5432'
    description: Immich PostgreSQL Host Port
    validators:
    - port_number
  IMMICH_POSTGRES_VAR_LIB_POSTGRESQL_DATA_PATH:
    default: immich-postgres/var/lib/postgresql/data
    description: Immich PostgreSQL /var/lib/postgresql/data Path
  VAULTWARDEN_PORT:
    default: '8080'
    description: Vaultwarden Host Port
    validators:
    - port_number
  VAULTWARDEN_CONFIG_PATH:
    default: vaultwarden
    description: Vaultwarden /config Path
  IMMICH_SERVER_PORT:
    default: '2283'
    description: Immich Server Host Port
    validators:
    - port_number
  IMMICH_SERVER_CONFIG_PATH:
    default: immich-server
    description: Immich Server /config Path
  N8N_PORT:
    default: '5678'
    description: n8n Host Port
    validators:
    - port_number
  N8N_CONFIG_PATH:
    default: n8n
    description: n8n /config Path
  SMOKEPING_PORT:
    default: '8081'
    description: SmokePing Host Port
    validators:
    - port_number
  SMOKEPING_CONFIG_PATH:
    default: smokeping
    description: SmokePing /config Path
  HUGO_PORT:
    default: '1313'
    description: Hugo Host Port
    validators:
    - port_number
  HUGO_APP_PATH:
    default: hugo/app
    description: Hugo /app Path
  IMMICH_SERVER_DATA_PATH:
    default: immich-server/data
    description: Immich Server /data Path
  NEXTCLOUD_DATA_PATH:
    default: nextcloud/data
    description: Nextcloud /data Path
  SMOKEPING_DATA_PATH:
    default: smokeping/data
    description: SmokePing /data Path
  ADGUARDHOME_CONF_PATH:
    default: adguardhome/conf
    description: AdGuard Home /opt/adguardhome/conf Path
  ADGUARDHOME_WORK_PATH:
    default: adguardhome/work
    description: AdGuard Home /opt/adguardhome/work Path
  IMMICH_CACHE_PATH:
    default: immich/cache
    description: Immich Machine Learning /cache Path
  IMMICH_POSTGRES_PATH:
    default: immich/postgres
    description: Immich PostgreSQL /var/lib/postgresql/data Path
  IMMICH_DATA_PATH:
    default: immich/data
    description: Immich Server /data Path
  POSTGRES_PATH:
    default: postgres
    description: PostgreSQL /var/lib/postgresql/data Path
  INTERFACE:
    default: em0
    description: Host Network Interface
  IMMICH_ETC_LOCALTIME_PATH:
    default: immich/etc/localtime
    description: Immich /etc/localtime Path
  CLOUDFLARED_PORT:
    default: '2000'
    description: Cloudflared Host Port
    validators:
    - port_number
  MARIADB_PORT:
    default: '3306'
    description: MariaDB Host Port
    validators:
    - port_number
  MARIADB_CONFIG_PATH:
    default: mariadb
    description: MariaDB /config Path
  BOOKLORE_PORT:
    default: '6060'
    description: BookLore Host Port
    validators:
    - port_number
  BOOKLORE_CONFIG_PATH:
    default: booklore
    description: BookLore /config Path
  BOOKLORE_BOOKDROP_PATH:
    default: booklore/bookdrop
    description: BookLore /bookdrop Path
  BOOKLORE_APP_DATA_PATH:
    default: booklore/app/data
    description: BookLore /app/data Path
settings:
  normal_prefix: '@'
  normal_suffix: '@'
validators:
  port_number:
    name: Port Number
    rules:
    - regex: ^[0-9]+$
      should_match: true
      error_message: Must be a positive integer.
